<?xml version="1.0" encoding="UTF-8" ?>
<extension version="2.5" type="plugin" group="vmpayment" method="upgrade">    
	<name>Asph</name>
	<creationDate>November 2014</creationDate>
	<author>Iatai</author>
	<authorUrl>http://iatai.com</authorUrl>
	<copyright>Copyright (C) 2014 IATAI.</copyright>
	<license>http://www.gnu.org/licenses/gpl-3.0.html GNU/GPL</license>
	<version>1.0.0</version>
	<description>ASPH Module for VirtueMart</description>
	<languages folder="language">
		<language tag="en-GB">en-GB/en-GB.plg_vmpayment_asph.ini</language>
		<language tag="es-ES">es-ES/es-ES.plg_vmpayment_asph.ini</language>
    </languages>
	<files>
		<filename plugin="asph">asph.php</filename>
		<filename>index.html</filename>
		<folder>asph</folder>
		<folder>language</folder>
	</files>
	<params addpath="/administrator/components/com_virtuemart/elements">
		<param type="vmjpluginwarning" />

		<param name="test_mode" type="radio" default="1" 
				label="VMPAYMENT_ASPH_CONF_TEST_MODE" description="VMPAYMENT_ASPH_CONF_TEST_MODE_TIP">
			<option value="0">COM_VIRTUEMART_NO</option>
			<option value="1">COM_VIRTUEMART_YES</option>
		</param>
		
		<param type="vmtitle" default="VMPAYMENT_ASPH_TITLE_TEST_MODE"
				description="VMPAYMENT_ASPH_TITLE_TEST_MODE_TIP"/>
		
		<param name="test_profile_id" type="text" default=""
			   label="VMPAYMENT_ASPH_CONF_PROFILE" description="VMPAYMENT_ASPH_CONF_PROFILE_TIP"/>
		<param name="test_access_key" type="text" default=""
			   label="VMPAYMENT_ASPH_CONF_ACCESS_KEY" description="VMPAYMENT_ASPH_CONF_ACCESS_KEY_TIP"/>
		<param name="test_secret_key" type="text" default=""
			   label="VMPAYMENT_ASPH_CONF_SECRET_KEY" description="VMPAYMENT_ASPH_CONF_SECRET_KEY_TIP"/>
		<param name="test_url" type="text" default=""
			   label="VMPAYMENT_ASPH_CONF_URL" description="VMPAYMENT_ASPH_CONF_URL_TIP"/>
		
		<param type="vmtitle" default="VMPAYMENT_ASPH_TITLE_LIVE_MODE"
				description="VMPAYMENT_ASPH_TITLE_LIVE_MODE_TIP"/>
		
		<param name="live_profile_id" type="text" default=""
			   label="VMPAYMENT_ASPH_CONF_PROFILE" description="VMPAYMENT_ASPH_CONF_PROFILE_TIP"/>
		<param name="live_access_key" type="text" default=""
			   label="VMPAYMENT_ASPH_CONF_ACCESS_KEY" description="VMPAYMENT_ASPH_CONF_ACCESS_KEY_TIP"/>
		<param name="live_secret_key" type="text" default=""
			   label="VMPAYMENT_ASPH_CONF_SECRET_KEY" description="VMPAYMENT_ASPH_CONF_SECRET_KEY_TIP"/>
		<param name="live_url" type="text" default=""
			   label="VMPAYMENT_ASPH_CONF_URL" description="VMPAYMENT_ASPH_CONF_URL_TIP"/>
	</params>
	
	<updateservers>
        <server type="extension" name="VirtueMart plg_vmpayment_asph Update Site"><![CDATA[http://iatai.com/plugin/joomla/asph.xml]]></server>
    </updateservers>
</extension>